{"initial_reset_timestamp": 1602576503.1001053, "timestamps": [1602576503.142624, 1602576503.1756132, 1602576503.2066033, 1602576503.2385933, 1602576503.271581, 1602576503.310568, 1602576503.347557, 1602576503.384544, 1602576503.418533, 1602576503.452522, 1602576503.4905097, 1602576503.5274978, 1602576503.5644858, 1602576503.6024735, 1602576503.6364627, 1602576503.6734505, 1602576503.7074394, 1602576503.7444274, 1602576503.7784164, 1602576503.8154042, 1602576503.8483944, 1602576503.8853817, 1602576503.92037, 1602576503.955359, 1602576503.9863489, 1602576504.0243366, 1602576504.0603251, 1602576504.0983133, 1602576504.1452973, 1602576504.1842847, 1602576504.2212725, 1602576504.2592604, 1602576504.2902505, 1602576504.3322368, 1602576504.3692248, 1602576504.4072125, 1602576504.4452002, 1602576504.4821882, 1602576504.516177, 1602576504.547167, 1602576504.581156, 1602576504.6281412, 1602576504.6661284, 1602576504.7031167, 1602576504.739105, 1602576504.7770927, 1602576504.8140805, 1602576504.8520682, 1602576504.8820584, 1602576504.920046, 1602576504.9540353, 1602576504.9840257, 1602576505.0210135, 1602576505.0560021, 1602576505.0939898, 1602576505.1319776, 1602576505.1669664, 1602576505.1999557, 1602576505.2369437, 1602576505.2739313, 1602576505.3119192, 1602576505.3479075, 1602576505.3788974, 1602576505.4248824, 1602576505.4618707, 1602576505.4978588, 1602576505.533847, 1602576505.5788329, 1602576505.614822, 1602576505.6638188, 1602576505.7087903, 1602576505.746778, 1602576505.7777681, 1602576505.8127565, 1602576505.8467455, 1602576505.8847332, 1602576505.9217215, 1602576505.9587092, 1602576505.990699, 1602576506.023688, 1602576506.0596766, 1602576506.0966647, 1602576506.1366525, 1602576506.187649, 1602576506.2286217, 1602576506.2636104, 1602576506.2956002, 1602576506.338588, 1602576506.3895714, 1602576506.4345548, 1602576506.4685447, 1602576506.5065327, 1602576506.5565302, 1602576506.5985157, 1602576506.64049, 1602576506.6794758, 1602576506.723462, 1602576506.7574506, 1602576506.8004372, 1602576506.8424366], "episode_lengths": [168, 177, 167, 167, 178, 200, 200, 200, 182, 183, 200, 200, 200, 200, 184, 200, 183, 200, 182, 200, 174, 200, 187, 184, 173, 200, 195, 200, 189, 200, 199, 200, 160, 200, 195, 200, 200, 200, 185, 166, 178, 200, 199, 198, 192, 200, 200, 200, 162, 200, 182, 161, 197, 187, 200, 200, 188, 175, 200, 183, 200, 189, 168, 186, 189, 193, 190, 193, 158, 200, 200, 200, 168, 187, 185, 200, 200, 200, 169, 179, 194, 196, 200, 200, 171, 187, 176, 200, 200, 196, 182, 181, 200, 171, 182, 195, 200, 165, 186, 186], "episode_rewards": [168.0, 177.0, 167.0, 167.0, 178.0, 200.0, 200.0, 200.0, 182.0, 183.0, 200.0, 200.0, 200.0, 200.0, 184.0, 200.0, 183.0, 200.0, 182.0, 200.0, 174.0, 200.0, 187.0, 184.0, 173.0, 200.0, 195.0, 200.0, 189.0, 200.0, 199.0, 200.0, 160.0, 200.0, 195.0, 200.0, 200.0, 200.0, 185.0, 166.0, 178.0, 200.0, 199.0, 198.0, 192.0, 200.0, 200.0, 200.0, 162.0, 200.0, 182.0, 161.0, 197.0, 187.0, 200.0, 200.0, 188.0, 175.0, 200.0, 183.0, 200.0, 189.0, 168.0, 186.0, 189.0, 193.0, 190.0, 193.0, 158.0, 200.0, 200.0, 200.0, 168.0, 187.0, 185.0, 200.0, 200.0, 200.0, 169.0, 179.0, 194.0, 196.0, 200.0, 200.0, 171.0, 187.0, 176.0, 200.0, 200.0, 196.0, 182.0, 181.0, 200.0, 171.0, 182.0, 195.0, 200.0, 165.0, 186.0, 186.0], "episode_types": ["t", "t", "t", "t", "t", "t", "t", "t", "t", "t", "t", "t", "t", "t", "t", "t", "t", "t", "t", "t", "t", "t", "t", "t", "t", "t", "t", "t", "t", "t", "t", "t", "t", "t", "t", "t", "t", "t", "t", "t", "t", "t", "t", "t", "t", "t", "t", "t", "t", "t", "t", "t", "t", "t", "t", "t", "t", "t", "t", "t", "t", "t", "t", "t", "t", "t", "t", "t", "t", "t", "t", "t", "t", "t", "t", "t", "t", "t", "t", "t", "t", "t", "t", "t", "t", "t", "t", "t", "t", "t", "t", "t", "t", "t", "t", "t", "t", "t", "t", "t"]}